algorithm,size,time
tri_selection,100,0.00014650000048277434
tri_bulles,100,0.00027240000054007396
tri_insertion,100,0.0001413000009051757
tri_echange,100,4.329999865149148e-05
tri_selection,300,0.002372299999478855
tri_bulles,300,0.0024247999990620883
tri_insertion,300,0.0011636999988695607
tri_echange,300,0.00022229999922274146
tri_selection,700,0.008766999999352265
tri_bulles,700,0.03620210000008228
tri_insertion,700,0.01881899999898451
tri_echange,700,0.000776400000177091
